ai-daily-content	ai-daily-content	ai-daily-content	ai-daily-content
backup-compatibility	backup-compatibility	backup-compatibility	backup-compatibility
codebase-investigation	codebase-investigation	codebase-investigation	codebase-investigation
ios-user-profile	ios-user-profile	ios-user-profile	ios-user-profile
pink-house-daily-surface-gating	pink-house-daily-surface-gating	pink-house-daily-surface-gating	pink-house-daily-surface-gating
pink-house-notice-debug	pink-house-notice-debug	pink-house-notice-debug	pink-house-notice-debug
spritekit-physics-container	spritekit-physics-container	spritekit-physics-container	spritekit-physics-container
swiftdata-icloud-delete-sync	swiftdata-icloud-delete-sync	swiftdata-icloud-delete-sync	swiftdata-icloud-delete-sync
swiftui-card-background-tint	swiftui-card-background-tint	swiftui-card-background-tint	swiftui-card-background-tint
swiftui-collapsible-summary	swiftui-collapsible-summary	swiftui-collapsible-summary	swiftui-collapsible-summary
swiftui-compile-error-fix	swiftui-compile-error-fix	swiftui-compile-error-fix	swiftui-compile-error-fix
swiftui-config-management	swiftui-config-management	swiftui-config-management	swiftui-config-management
swiftui-hotspot-interaction	swiftui-hotspot-interaction	swiftui-hotspot-interaction	swiftui-hotspot-interaction
swiftui-image-viewer	swiftui-image-viewer	swiftui-image-viewer	swiftui-image-viewer
swiftui-magic-task-guide	pink-house-magic-task-guide	swiftui-magic-task-guide	pink-house-magic-task-guide
swiftui-media-pause	swiftui-media-pause	swiftui-media-pause	swiftui-media-pause
swiftui-navigation-bar	swiftui-navigation-bar	swiftui-navigation-bar	swiftui-navigation-bar
swiftui-newbie-guide	swiftui-newbie-guide	swiftui-newbie-guide	swiftui-newbie-guide
swiftui-rococo-pet-isometric-video	pink-house-pet-motion-guide	swiftui-rococo-pet-isometric-video	pink-house-pet-motion-guide
swiftui-theme-adaptation	swiftui-theme-adaptation	swiftui-theme-adaptation	swiftui-theme-adaptation
swiftui-theme-color-adaptation	swiftui-theme-color-adaptation	swiftui-theme-color-adaptation	swiftui-theme-color-adaptation
xcode开发	xcode-development	xcode开发	xcode-development
