file,line,status,snippet
ItemManager/Services/IAP/DebugMeowCoinGrantManager.swift,11,low-priority,"print(""🪙 [DebugMeowCoinGrantManager] Debug 喵币已发放过，跳过"")"
ItemManager/Services/IAP/DebugMeowCoinGrantManager.swift,19,low-priority,"print(""🪙 [DebugMeowCoinGrantManager] Debug 首次发放 \(grantAmount) 喵币，余额 \(previousBalance) -> \(newBalance)"")"
ItemManager/Services/IAP/IAPError.swift,45,localized,"return ""商品暂时不可用"".appLocalized"
ItemManager/Services/IAP/IAPError.swift,47,localized,"return ""获取商品信息失败"".appLocalized"
ItemManager/Services/IAP/IAPError.swift,49,localized,"return ""无效的商品"".appLocalized"
ItemManager/Services/IAP/IAPError.swift,51,localized,"return ""购买失败，请重试"".appLocalized"
ItemManager/Services/IAP/IAPError.swift,53,localized,"return ""购买等待中，请稍后查看"".appLocalized"
ItemManager/Services/IAP/IAPError.swift,55,localized,"return ""已取消购买"".appLocalized"
ItemManager/Services/IAP/IAPError.swift,57,localized,"return ""当前无法购买"".appLocalized"
ItemManager/Services/IAP/IAPError.swift,59,localized,"return ""支付信息无效"".appLocalized"
ItemManager/Services/IAP/IAPError.swift,61,localized,"return ""交易验证失败"".appLocalized"
ItemManager/Services/IAP/IAPError.swift,63,localized,"return ""服务器验证失败"".appLocalized"
ItemManager/Services/IAP/IAPError.swift,65,localized,"return ""找不到购买凭证"".appLocalized"
ItemManager/Services/IAP/IAPError.swift,67,localized,"return ""购买凭证无效"".appLocalized"
ItemManager/Services/IAP/IAPError.swift,69,localized,"return ""该订单已处理"".appLocalized"
ItemManager/Services/IAP/IAPError.swift,71,localized,"return ""网络连接失败"".appLocalized"
ItemManager/Services/IAP/IAPError.swift,73,localized,"return ""服务器繁忙"".appLocalized"
ItemManager/Services/IAP/IAPError.swift,75,localized,"return ""请求超时"".appLocalized"
ItemManager/Services/IAP/IAPError.swift,77,localized,"return ""请先登录"".appLocalized"
ItemManager/Services/IAP/IAPError.swift,79,localized,"return ""账户受限"".appLocalized"
ItemManager/Services/IAP/IAPError.swift,83,localized,"return ""发生未知错误"".appLocalized"
ItemManager/Services/IAP/IAPError.swift,85,localized,"return ""系统错误"".appLocalized"
ItemManager/Services/IAP/IAPError.swift,93,candidate,"return ""找不到商品: \(id)"""
ItemManager/Services/IAP/IAPError.swift,95,candidate,"return ""请求商品失败: \(reason)"""
ItemManager/Services/IAP/IAPError.swift,97,candidate,"return ""无效的商品ID: \(id)"""
ItemManager/Services/IAP/IAPError.swift,99,candidate,"return ""购买失败: \(reason)"""
ItemManager/Services/IAP/IAPError.swift,101,candidate,"return ""购买等待中，可能需要家长授权"""
ItemManager/Services/IAP/IAPError.swift,103,candidate,"return ""用户取消了购买"""
ItemManager/Services/IAP/IAPError.swift,105,candidate,"return ""当前设备或账户不允许购买"""
ItemManager/Services/IAP/IAPError.swift,107,candidate,"return ""支付信息无效，请检查付款方式"""
ItemManager/Services/IAP/IAPError.swift,109,candidate,"return ""交易验证失败，可能是伪造的交易"""
ItemManager/Services/IAP/IAPError.swift,111,candidate,"return ""服务器验证失败: \(reason)"""
ItemManager/Services/IAP/IAPError.swift,113,candidate,"return ""找不到购买凭证"""
ItemManager/Services/IAP/IAPError.swift,115,candidate,"return ""购买凭证无效或已过期"""
ItemManager/Services/IAP/IAPError.swift,117,candidate,"return ""该交易ID已经处理过，防止重复发放"""
ItemManager/Services/IAP/IAPError.swift,119,candidate,"return ""网络错误: \(reason)"""
ItemManager/Services/IAP/IAPError.swift,121,candidate,"return ""服务器错误: \(reason)"""
ItemManager/Services/IAP/IAPError.swift,123,candidate,"return ""请求超时，请检查网络连接"""
ItemManager/Services/IAP/IAPError.swift,125,candidate,"return ""用户未登录，无法完成购买"""
ItemManager/Services/IAP/IAPError.swift,127,candidate,"return ""账户受限，无法购买"""
ItemManager/Services/IAP/IAPError.swift,129,candidate,"return ""StoreKit错误: \(error)"""
ItemManager/Services/IAP/IAPError.swift,131,candidate,"return ""未知错误: \(error)"""
ItemManager/Services/IAP/IAPError.swift,133,candidate,"return ""系统错误: \(reason)"""
ItemManager/Services/IAP/IAPError.swift,170,localized,"return .purchaseFailed(""无效的数量"".appLocalized)"
ItemManager/Services/IAP/IAPError.swift,176,localized,"return .purchaseFailed(""未知购买错误"".appLocalized)"
ItemManager/Services/IAP/IAPProduct.swift,68,localized,"""兑换成功！获得 %d 喵币"".appLocalized(amount)"
ItemManager/Services/IAP/IAPServerManager.swift,32,low-priority,"print(""[IAPServerManager] 本地数据同步: 喵币=\(account.balance)"")"
ItemManager/Services/IAP/IAPServerManager.swift,50,candidate,"lastError = ""未知商品类型"""
ItemManager/Services/IAP/IAPServerManager.swift,104,low-priority,"print(""[IAPServerManager] 发放喵币: \(totalAmount) (基础: \(baseAmount), 赠送: \(bonus), 首充双倍: \(isFirstDouble))"")"
ItemManager/Services/IAP/IAPServerManager.swift,119,candidate,"lastError = ""余额不足"""
ItemManager/Services/IAP/IAPTestManager.swift,6,low-priority,"// 测试专用管理类，提供""豆腐块""功能用于实验室测试"
ItemManager/Services/IAP/IAPTestManager.swift,22,low-priority,"print(""[IAPTestManager] 进入测试模式"")"
ItemManager/Services/IAP/IAPTestManager.swift,24,low-priority,"print(""[IAPTestManager] 进入生产模式"")"
ItemManager/Services/IAP/IAPTestManager.swift,102,low-priority,"print(""[IAPTestManager] ✅ 已清除所有购买记录，可以重新测试首次购买"")"
ItemManager/Services/IAP/IAPTestManager.swift,162,low-priority,"print(""[IAPTestManager] ✅ 已添加 \(finalAmount) 喵币（首充双倍）"")"
ItemManager/Services/IAP/IAPTestManager.swift,165,low-priority,"print(""[IAPTestManager] ✅ 已添加 \(finalAmount) 喵币（含赠送 \(bonus)）"")"
ItemManager/Services/IAP/IAPTestManager.swift,167,low-priority,"print(""[IAPTestManager] ✅ 已添加 \(finalAmount) 喵币"")"
ItemManager/Services/IAP/IAPTestManager.swift,188,low-priority,"print(""[IAPTestManager] ✅ 余额已设置为 \(amount)"")"
ItemManager/Services/IAP/IAPTestManager.swift,217,low-priority,"print(""[IAPTestManager] ✅ VIP已开通 \(months) 个月"")"
ItemManager/Services/IAP/IAPTestManager.swift,222,low-priority,"/// 用于测试""试用期过后不会触发试用期弹窗""的场景"
ItemManager/Services/IAP/IAPTestManager.swift,238,low-priority,"print(""[IAPTestManager] ✅ VIP已取消（试用期标记已保留）"")"
ItemManager/Services/IAP/IAPTestManager.swift,253,low-priority,"print(""[IAPTestManager] ✅ 已标记商品 \(productID) 首次购买完成"")"
ItemManager/Services/IAP/IAPTestManager.swift,265,low-priority,"print(""[IAPTestManager] ✅ 商品 \(productID) 首次购买状态已重置"")"
ItemManager/Services/IAP/IAPTestManager.swift,277,low-priority,"print(""[IAPTestManager] ✅ 所有商品首次购买状态已重置"")"
ItemManager/Services/IAP/IAPTestManager.swift,305,candidate,"return .failure(""网络连接失败"")"
ItemManager/Services/IAP/IAPTestManager.swift,318,candidate,"return .failure(""无效的商品ID"")"
ItemManager/Services/IAP/IAPTestManager.swift,431,candidate,"Section(""测试模式"") {"
ItemManager/Services/IAP/IAPTestManager.swift,432,candidate,"Toggle(""启用测试模式"", isOn: $testManager.isTestMode)"
ItemManager/Services/IAP/IAPTestManager.swift,435,candidate,"Text(""当前处于测试模式，所有支付将使用模拟数据"")"
ItemManager/Services/IAP/IAPTestManager.swift,442,candidate,"Section(""当前状态"") {"
ItemManager/Services/IAP/IAPTestManager.swift,444,candidate,"Text(""喵币余额"")"
ItemManager/Services/IAP/IAPTestManager.swift,451,candidate,"Text(""VIP状态"")"
ItemManager/Services/IAP/IAPTestManager.swift,453,candidate,"Text(testManager.mockIsVIP ? ""已开通"" : ""未开通"")"
ItemManager/Services/IAP/IAPTestManager.swift,458,candidate,"Text(""首充状态"")"
ItemManager/Services/IAP/IAPTestManager.swift,460,candidate,"Text(""各档位独立计算"")"
ItemManager/Services/IAP/IAPTestManager.swift,466,candidate,"Section(""快速添加喵币"") {"
ItemManager/Services/IAP/IAPTestManager.swift,468,candidate,"Button(""💰 添加首充档位 (60喵币)"") {"
ItemManager/Services/IAP/IAPTestManager.swift,473,candidate,"Button(""💰 添加中充档位 (300喵币)"") {"
ItemManager/Services/IAP/IAPTestManager.swift,478,candidate,"Button(""💰 添加土豪档位 (3280喵币)"") {"
ItemManager/Services/IAP/IAPTestManager.swift,484,candidate,"Button(""🪙 添加60喵币（无双倍）"") {"
ItemManager/Services/IAP/IAPTestManager.swift,488,candidate,"Button(""🪙 添加500喵币（无双倍）"") {"
ItemManager/Services/IAP/IAPTestManager.swift,494,candidate,"TextField(""自定义数量"", text: $customAmount)"
ItemManager/Services/IAP/IAPTestManager.swift,497,candidate,"Button(""添加"") {"
ItemManager/Services/IAP/IAPTestManager.swift,507,candidate,"Button(""📝 设置余额为 9999"") {"
ItemManager/Services/IAP/IAPTestManager.swift,514,candidate,"Section(""VIP测试"") {"
ItemManager/Services/IAP/IAPTestManager.swift,515,candidate,"Button(""👑 开通月度VIP"") {"
ItemManager/Services/IAP/IAPTestManager.swift,520,candidate,"Button(""👑 开通年度VIP"") {"
ItemManager/Services/IAP/IAPTestManager.swift,525,candidate,"Button(""🚫 取消VIP"") {"
ItemManager/Services/IAP/IAPTestManager.swift,532,candidate,"Section(""首次购买测试"") {"
ItemManager/Services/IAP/IAPTestManager.swift,533,candidate,"Button(""🔄 重置所有首充状态"") {"
ItemManager/Services/IAP/IAPTestManager.swift,538,candidate,"Toggle(""启用首充双倍"", isOn: $testManager.testConfig.enableFirstDouble)"
ItemManager/Services/IAP/IAPTestManager.swift,542,candidate,"Section(""危险操作"") {"
ItemManager/Services/IAP/IAPTestManager.swift,543,candidate,"Button(""🗑️ 清除所有购买记录"") {"
ItemManager/Services/IAP/IAPTestManager.swift,548,candidate,"Text(""清除后可重新测试首次购买流程"")"
ItemManager/Services/IAP/IAPTestManager.swift,554,candidate,"Section(""网络模拟"") {"
ItemManager/Services/IAP/IAPTestManager.swift,555,candidate,"Toggle(""模拟网络错误"", isOn: $testManager.testConfig.simulateNetworkError)"
ItemManager/Services/IAP/IAPTestManager.swift,558,candidate,"Text(""网络延迟"")"
ItemManager/Services/IAP/IAPTestManager.swift,564,candidate,".navigationTitle(""IAP测试实验室"")"
ItemManager/Services/IAP/IAPTestManager.swift,568,candidate,"Button(""完成"") {"
ItemManager/Services/IAP/IAPViewModel.swift,62,localized,"self?.errorMessage = error.errorDescription ?? ""购买失败"".appLocalized"
ItemManager/Services/IAP/IAPViewModel.swift,146,localized,"errorMessage = ""当前设备或账户无法发起购买，请检查系统购买限制后重试。"".appLocalized"
ItemManager/Services/IAP/IAPViewModel.swift,159,localized,"errorMessage = ""商品信息已过期，请刷新重试"".appLocalized"
ItemManager/Services/IAP/IAPViewModel.swift,192,localized,"successMessage = ""购买请求已提交，正在等待 App Store 处理。到账后会自动更新余额。"".appLocalized"
ItemManager/Services/IAP/IAPViewModel.swift,218,localized,"errorMessage = error.errorDescription ?? ""购买失败"".appLocalized"
ItemManager/Services/IAP/IAPViewModel.swift,327,localized,"return ""%d 喵币"".appLocalized(totalCoins)"
ItemManager/Services/IAP/IAPViewModel.swift,329,localized,"return ""%d 喵币"".appLocalized(coinAmount)"
ItemManager/Services/IAP/IAPViewModel.swift,334,localized,"""%d 喵币"".appLocalized(coinAmount)"
ItemManager/Services/IAP/IAPViewModel.swift,338,localized,"""%d 喵币"".appLocalized(firstDoubleCoins)"
ItemManager/Services/IAP/IAPViewModel.swift,343,localized,"return ""最划算"".appLocalized"
ItemManager/Services/IAP/IAPViewModel.swift,345,localized,"return ""热门"".appLocalized"
ItemManager/Services/IAP/IAPViewModel.swift,347,localized,"return ""送 %d"".appLocalized(bonusAmount)"
ItemManager/Services/IAP/IAPViewModel.swift,372,localized,"self.packageName = ""喵币小钱包"".appLocalized"
ItemManager/Services/IAP/IAPViewModel.swift,373,localized,"self.packageDescription = ""一只轻巧的小钱包，装着 60 喵币，适合先给小猫添一点零花。"".appLocalized"
ItemManager/Services/IAP/IAPViewModel.swift,382,localized,"self.packageName = ""喵币零食袋"".appLocalized"
ItemManager/Services/IAP/IAPViewModel.swift,383,localized,"self.packageDescription = ""一袋鼓鼓的零食袋，装着 120 喵币，刚好够添几样喜欢的小东西。"".appLocalized"
ItemManager/Services/IAP/IAPViewModel.swift,392,localized,"self.packageName = ""喵币鼓鼓袋"".appLocalized"
ItemManager/Services/IAP/IAPViewModel.swift,393,localized,"self.packageDescription = ""一袋沉甸甸的鼓鼓袋，装着 300 喵币，花起来更从容一些。"".appLocalized"
ItemManager/Services/IAP/IAPViewModel.swift,401,localized,"self.tag = ""热门"".appLocalized"
ItemManager/Services/IAP/IAPViewModel.swift,402,localized,"self.packageName = ""喵币小宝箱"".appLocalized"
ItemManager/Services/IAP/IAPViewModel.swift,403,localized,"self.packageDescription = ""一只满满当当的小宝箱，装着 500 喵币，拿在手里都觉得底气足。"".appLocalized"
ItemManager/Services/IAP/IAPViewModel.swift,411,localized,"self.tag = ""最划算"".appLocalized"
ItemManager/Services/IAP/IAPViewModel.swift,412,localized,"self.packageName = ""喵币大宝箱"".appLocalized"
ItemManager/Services/IAP/IAPViewModel.swift,413,localized,"self.packageDescription = ""一个闪闪发亮的大宝箱，装着 1280 喵币，一开箱就是满满收获。"".appLocalized"
ItemManager/Services/IAP/IAPViewModel.swift,422,localized,"self.packageName = ""喵币藏宝库入场券"".appLocalized"
ItemManager/Services/IAP/IAPViewModel.swift,423,localized,"self.packageDescription = ""一座堆得满满的藏宝库，装着 3280 喵币，想把一整片钱袋都搬回家。"".appLocalized"
ItemManager/Services/IAP/StoreManager.swift,93,low-priority,"print(""[StoreManager] 交易验证失败: \(error)"")"
ItemManager/Services/IAP/StoreManager.swift,196,low-priority,"print(""\(logPrefix) ===== 商品拉取开始 ====="")"
ItemManager/Services/IAP/StoreManager.swift,222,low-priority,"print(""\(logPrefix) reasonHint=Apple 未返回任何匹配的喵币商品"")"
ItemManager/Services/IAP/StoreManager.swift,237,low-priority,"print(""\(logPrefix) ===== 商品拉取结束 ====="")"
ItemManager/Services/IAP/StoreManager.swift,250,low-priority,"print(""[IAPFetch] ===== 商品拉取失败 ====="")"
ItemManager/Services/IAP/StoreManager.swift,325,localized,"? ""🎉 首充双倍！获得 %d 喵币"".appLocalized(deliveredCoins)"
ItemManager/Services/IAP/StoreManager.swift,326,localized,": ""成功获得 %d 喵币"".appLocalized(deliveredCoins),"
ItemManager/Services/IAP/StoreManager.swift,405,low-priority,"print(""[StoreManager] 用户取消购买"")"
ItemManager/Services/IAP/StoreManager.swift,416,low-priority,"print(""[StoreManager] 购买等待中"")"
ItemManager/Services/IAP/StoreManager.swift,434,localized,"return .failed(.purchaseFailed(""未知状态"".appLocalized))"
ItemManager/Services/IAP/StoreManager.swift,438,low-priority,"print(""[StoreManager] 购买错误: \(error)"")"
ItemManager/Services/IAP/StoreManager.swift,452,low-priority,"print(""[StoreManager] 购买失败: \(error)"")"
ItemManager/Services/IAP/StoreManager.swift,483,low-priority,"print(""[StoreManager] 处理交易: \(transaction.id)"")"
ItemManager/Services/IAP/StoreManager.swift,789,localized,"successMessage = ""🎉 首充双倍！获得 %d 喵币"".appLocalized(totalAmount)"
ItemManager/Services/IAP/StoreManager.swift,791,localized,"successMessage = ""成功获得 %d 喵币（含赠送 %d）"".appLocalized(totalAmount, bonus)"
ItemManager/Services/IAP/StoreManager.swift,793,localized,"successMessage = ""成功获得 %d 喵币"".appLocalized(totalAmount)"
ItemManager/Services/IAP/StoreManager.swift,864,low-priority,"print(""[StoreManager] 发放喵币: \(totalAmount) (基础: \(baseAmount), 赠送: \(bonus), 首充双倍: \(isFirstDouble))"")"
ItemManager/Services/IAP/StoreManager.swift,965,low-priority,"print(""[StoreManager] 发放 App Store 优惠码喵币: \(meowCoinAmount) 喵币"")"
ItemManager/Services/NotificationManager.swift,605,localized,"title: ""测试尾款提醒"".appLocalized,"
ItemManager/Services/NotificationManager.swift,609,localized,"content.body = ""%d 秒测试：点击后会直达「%@」详情页。"".appLocalized(seconds, clothing.name)"
ItemManager/Services/NotificationManager.swift,680,localized,"body = ""测试通知：点击后会打开「%@」详情页。%@。"".appLocalized(clothing.name, paymentWindowText)"
ItemManager/Services/NotificationManager.swift,682,localized,"body = ""「%@」已进入尾款支付期：%@。%@，若尚未处理请尽快确认。"".appLocalized(clothing.name, paymentWindowText, amountText)"
ItemManager/Services/NotificationManager.swift,684,localized,"body = ""「%@」还有 %d 天开始付尾款：%@。%@，点击查看详情。"".appLocalized(clothing.name, daysBefore, paymentWindowText, amountText)"
ItemManager/Services/NotificationManager.swift,686,localized,"body = ""「%@」今天开始付尾款：%@。%@，请确认是否已处理。"".appLocalized(clothing.name, paymentWindowText, amountText)"
ItemManager/Services/NotificationManager.swift,866,localized,"title: ""尾款支付提醒"".appLocalized,"
ItemManager/Services/NotificationManager.swift,1134,localized,"title: ""尾款支付提醒"".appLocalized,"
ItemManager/Services/NotificationManager.swift,1235,localized,"return ""支付期 %@ 至 %@"".appLocalized(formatDate(finalDate), formatDate(finalPaymentEndDate))"
ItemManager/Services/NotificationManager.swift,1238,localized,"return ""尾款日 %@"".appLocalized(formatDate(finalDate))"
ItemManager/Services/NotificationManager.swift,1243,localized,"return ""尾款金额待确认"".appLocalized"
ItemManager/Services/NotificationManager.swift,1246,localized,"return ""待付尾款 ¥%@"".appLocalized(NSDecimalNumber(decimal: clothing.totalBalance).stringValue)"
ItemManager/Services/VIP/VIPAppIconManager.swift,38,candidate,"displayName: ""少女心愿立体"","
ItemManager/Services/VIP/VIPAppIconManager.swift,39,candidate,"subtitle: ""经典衣橱主视觉，甜美又有辨识度"","
ItemManager/Services/VIP/VIPAppIconManager.swift,42,candidate,"badgeText: ""经典"""
ItemManager/Services/VIP/VIPAppIconManager.swift,46,candidate,"displayName: ""心愿礼服馆"","
ItemManager/Services/VIP/VIPAppIconManager.swift,47,candidate,"subtitle: ""粉色礼服馆风格，把少女心放上桌面"","
ItemManager/Services/VIP/VIPAppIconManager.swift,50,candidate,"badgeText: ""VIP专属"""
ItemManager/Services/VIP/VIPAppIconManager.swift,54,candidate,"displayName: ""珍珠衣柜"","
ItemManager/Services/VIP/VIPAppIconManager.swift,55,candidate,"subtitle: ""立体珍珠衣柜风格，温柔精致"","
ItemManager/Services/VIP/VIPAppIconManager.swift,58,candidate,"badgeText: ""VIP专属"""
ItemManager/Services/VIP/VIPAppIconManager.swift,62,candidate,"displayName: ""珍珠礼服柜"","
ItemManager/Services/VIP/VIPAppIconManager.swift,63,candidate,"subtitle: ""粉金珍藏款，像一只小小的礼服收藏柜"","
ItemManager/Services/VIP/VIPAppIconManager.swift,66,candidate,"badgeText: ""珍藏款"""
ItemManager/Services/VIP/VIPAppIconManager.swift,70,candidate,"displayName: ""月光玻璃柜"","
ItemManager/Services/VIP/VIPAppIconManager.swift,71,candidate,"subtitle: ""月光琉璃款，清透安静的夜色衣橱"","
ItemManager/Services/VIP/VIPAppIconManager.swift,74,candidate,"badgeText: ""月光款"""
ItemManager/Services/VIP/VIPAppIconManager.swift,100,localized,"return (false, ""开通 VIP 后，就可以为桌面换上专属图标。"".appLocalized)"
ItemManager/Services/VIP/VIPAppIconManager.swift,104,localized,"return (false, ""这台设备暂时不能切换桌面图标。"".appLocalized)"
ItemManager/Services/VIP/VIPAppIconManager.swift,108,localized,"return (true, ""你已经在使用「%@」了。"".appLocalized(option.localizedDisplayName))"
ItemManager/Services/VIP/VIPAppIconManager.swift,118,localized,"return (true, ""已切换为「%@」。"".appLocalized(option.localizedDisplayName))"
ItemManager/Services/VIP/VIPAppIconManager.swift,123,localized,"return (false, ""现在暂时不能切换桌面图标。"".appLocalized)"
ItemManager/Services/VIP/VIPAppIconManager.swift,150,localized,"""暂时没能换成「%@」，可以稍后再试。"".appLocalized(option.localizedDisplayName)"
ItemManager/Services/VIP/VIPManager.swift,74,localized,"title: ""一个月"".appLocalized,"
ItemManager/Services/VIP/VIPManager.swift,75,localized,"subtitle: ""%d喵币"".appLocalized(Self.monthlyPrice),"
ItemManager/Services/VIP/VIPManager.swift,82,localized,"title: ""三个月"".appLocalized,"
ItemManager/Services/VIP/VIPManager.swift,83,localized,"subtitle: ""%d喵币"".appLocalized(Self.quarterlyPrice),"
ItemManager/Services/VIP/VIPManager.swift,98,localized,"return (false, ""喵币不足，需要 %d 喵币"".appLocalized(cost))"
ItemManager/Services/VIP/VIPManager.swift,102,localized,"return (false, ""喵币不足，需要 %d 喵币"".appLocalized(cost))"
ItemManager/Services/VIP/VIPManager.swift,129,localized,"return (true, ""开通成功！有效期至 %@"".appLocalized(Self.localizedDateText(newExpireDate)))"
ItemManager/Services/VIP/VIPManager.swift,172,localized,"return (false, ""您已经使用过试用期了"".appLocalized)"
ItemManager/Services/VIP/VIPManager.swift,177,localized,"return (false, ""您已经是VIP会员了"".appLocalized)"
ItemManager/Services/VIP/VIPManager.swift,185,localized,"return (false, ""系统错误，请稍后重试"".appLocalized)"
ItemManager/Services/VIP/VIPManager.swift,206,localized,"return (true, ""试用期已开启！有效期至 %@"".appLocalized(Self.localizedDateText(trialExpireDate, template: ""MMMdd"")))"
ItemManager/Views/IAP/MeowCoinStoreView.swift,23,localized,"@State private var offerCodeErrorMessage = ""暂时无法打开 App Store 优惠码兑换界面，请稍后重试。"".appLocalized"
ItemManager/Views/IAP/MeowCoinStoreView.swift,55,localized,".navigationTitle(""获取喵币"".appLocalized)"
ItemManager/Views/IAP/MeowCoinStoreView.swift,59,localized,"Button(""问题反馈"".appLocalized) {"
ItemManager/Views/IAP/MeowCoinStoreView.swift,65,localized,"Button(""完成"".appLocalized) {"
ItemManager/Views/IAP/MeowCoinStoreView.swift,70,localized,".alert(""购买失败"".appLocalized, isPresented: $viewModel.showErrorAlert) {"
ItemManager/Views/IAP/MeowCoinStoreView.swift,71,localized,"Button(""确定"".appLocalized) {"
ItemManager/Views/IAP/MeowCoinStoreView.swift,77,localized,".alert(""问题反馈"".appLocalized, isPresented: $showDiagnosticAlert) {"
ItemManager/Views/IAP/MeowCoinStoreView.swift,78,localized,"Button(""确定"".appLocalized, role: .cancel) {"
ItemManager/Views/IAP/MeowCoinStoreView.swift,87,localized,".alert(""使用 App Store 兑换码"".appLocalized, isPresented: $showingOfferCodeInfoAlert) {"
ItemManager/Views/IAP/MeowCoinStoreView.swift,88,localized,"Button(""取消"".appLocalized, role: .cancel) { }"
ItemManager/Views/IAP/MeowCoinStoreView.swift,89,localized,"Button(""继续"".appLocalized) {"
ItemManager/Views/IAP/MeowCoinStoreView.swift,95,localized,"Text(""请输入官方 App Store 优惠码。"".appLocalized)"
ItemManager/Views/IAP/MeowCoinStoreView.swift,97,localized,".alert(""App Store 兑换码"".appLocalized, isPresented: $showingOfferCodeErrorAlert) {"
ItemManager/Views/IAP/MeowCoinStoreView.swift,98,localized,"Button(""知道了"".appLocalized, role: .cancel) { }"
ItemManager/Views/IAP/MeowCoinStoreView.swift,134,localized,"offerCodeErrorMessage = ""无法打开 App Store 优惠码兑换界面：%@"".appLocalized(error.localizedDescription)"
ItemManager/Views/IAP/MeowCoinStoreView.swift,170,localized,"Text(""当前余额"".appLocalized)"
ItemManager/Views/IAP/MeowCoinStoreView.swift,178,localized,"Text(""喵币"".appLocalized)"
ItemManager/Views/IAP/MeowCoinStoreView.swift,207,localized,"Text(""获取喵币"".appLocalized)"
ItemManager/Views/IAP/MeowCoinStoreView.swift,252,localized,"Text(""App Store 优惠码"".appLocalized)"
ItemManager/Views/IAP/MeowCoinStoreView.swift,270,localized,"Text(""兑换 App Store 优惠码"".appLocalized)"
ItemManager/Views/IAP/MeowCoinStoreView.swift,274,localized,"Text(""支持 6 个喵币档优惠码，不影响首充双倍"".appLocalized)"
ItemManager/Views/IAP/MeowCoinStoreView.swift,300,localized,"Text(""VIP会员"".appLocalized)"
ItemManager/Views/IAP/MeowCoinStoreView.swift,309,localized,"Text(""已开通"".appLocalized)"
ItemManager/Views/IAP/MeowCoinStoreView.swift,324,localized,"Text(""有效期至: %@"".appLocalized(expireDate.formatted(date: .long, time: .omitted)))"
ItemManager/Views/IAP/MeowCoinStoreView.swift,331,localized,"Label(""VIP 不单独售卖"".appLocalized, systemImage: ""info.circle.fill"")"
ItemManager/Views/IAP/MeowCoinStoreView.swift,334,localized,"Text(""先购买喵币，再前往会员中心兑换会员时长。"".appLocalized)"
ItemManager/Views/IAP/MeowCoinStoreView.swift,338,localized,"Text(""当前兑换价格：66 喵币 / 月"".appLocalized)"
ItemManager/Views/IAP/MeowCoinStoreView.swift,354,localized,"Text(""由于虚拟商品的特殊性，购买成功后不支持退款"".appLocalized)"
ItemManager/Views/IAP/MeowCoinStoreView.swift,360,localized,"Text(""购买即表示同意"".appLocalized)"
ItemManager/Views/IAP/MeowCoinStoreView.swift,364,localized,"Button(""用户服务协议"".appLocalized) {"
ItemManager/Views/IAP/MeowCoinStoreView.swift,369,localized,"Text(""和"".appLocalized)"
ItemManager/Views/IAP/MeowCoinStoreView.swift,373,localized,"Button(""隐私政策"".appLocalized) {"
ItemManager/Views/IAP/MeowCoinStoreView.swift,401,localized,"offerCodeErrorMessage = ""当前 App Store 环境没有返回任何可兑换的喵币商品，优惠码无法兑换。请检查 6 个喵币档是否可用、每个 Free Offer 是否绑定对应商品；沙盒账号只能测试 Sandbox Codes，不能兑换生产环境 URL / Custom / One-Time Use Codes。"".appLocalized"
ItemManager/Views/IAP/MeowCoinStoreView.swift,452,localized,"diagnosticAlertMessage = ""当前设备没有配置系统邮件账户，已改为打开文件分享。请将日志文件发送给开发者邮箱：%@"".appLocalized(LegalLinks.supportEmailAddress)"
ItemManager/Views/IAP/MeowCoinStoreView.swift,467,localized,"diagnosticAlertMessage = ""问题反馈日志导出失败：%@"".appLocalized(error.localizedDescription)"
ItemManager/Views/IAP/MeowCoinStoreView.swift,477,localized,"""Pink House IAP 问题反馈"".appLocalized"
ItemManager/Views/IAP/MeowCoinStoreView.swift,516,localized,"diagnosticAlertMessage = ""邮件草稿打开失败：%@"".appLocalized(error.localizedDescription)"
ItemManager/Views/IAP/MeowCoinStoreView.swift,556,localized,"Text(""🎉 首充双倍活动"".appLocalized)"
ItemManager/Views/IAP/MeowCoinStoreView.swift,560,localized,"Text(""首次购买任意档位，喵币数量翻倍！"".appLocalized)"
ItemManager/Views/IAP/MeowCoinStoreView.swift,611,localized,"Text(""首充双倍"".appLocalized)"
ItemManager/Views/IAP/MeowCoinStoreView.swift,731,localized,"Text(""暂时无法获取商品信息"".appLocalized)"
ItemManager/Views/IAP/MeowCoinStoreView.swift,735,localized,"Text(""请检查网络连接或稍后重试"".appLocalized)"
ItemManager/Views/Settings/Refactored/AudioSettingsView.swift,7,candidate,"AdaptiveSettingsView(title: ""音量调节"") {"
ItemManager/Views/Settings/Refactored/AudioSettingsView.swift,8,candidate,"AdaptiveSection(header: ""音量设置"") {"
ItemManager/Views/Settings/Refactored/AudioSettingsView.swift,14,localized,"Text(""萌宠 BGM: %lld%%"".appLocalized(Int64(audioManager.bgmVolume * 100)))"
ItemManager/Views/Settings/Refactored/AudioSettingsView.swift,17,localized,"Text(""BGM 音量"".appLocalized)"
ItemManager/Views/Settings/Refactored/GeneralSoundHapticsSettingsView.swift,9,candidate,"AdaptiveSettingsView(title: ""音效与触感"") {"
ItemManager/Views/Settings/Refactored/GeneralSoundHapticsSettingsView.swift,11,candidate,"AdaptiveSection(header: ""总开关"") {"
ItemManager/Views/Settings/Refactored/GeneralSoundHapticsSettingsView.swift,18,localized,"Text(""应用音效"".appLocalized)"
ItemManager/Views/Settings/Refactored/GeneralSoundHapticsSettingsView.swift,20,localized,"Text(""控制点击、碰撞等互动音效"".appLocalized)"
ItemManager/Views/Settings/Refactored/GeneralSoundHapticsSettingsView.swift,34,localized,"Text(""背景音乐"".appLocalized)"
ItemManager/Views/Settings/Refactored/GeneralSoundHapticsSettingsView.swift,36,localized,"Text(""播放场景背景音乐"".appLocalized)"
ItemManager/Views/Settings/Refactored/GeneralSoundHapticsSettingsView.swift,50,localized,"Text(""触感反馈"".appLocalized)"
ItemManager/Views/Settings/Refactored/GeneralSoundHapticsSettingsView.swift,52,localized,"Text(""启用震动反馈"".appLocalized)"
ItemManager/Views/Settings/Refactored/GeneralSoundHapticsSettingsView.swift,62,candidate,"AdaptiveSection(header: ""音量调节"") {"
ItemManager/Views/Settings/Refactored/GeneralSoundHapticsSettingsView.swift,68,localized,"Text(""BGM 音量: %lld%%"".appLocalized(Int64(audioManager.bgmVolume * 100)))"
ItemManager/Views/Settings/Refactored/GeneralSoundHapticsSettingsView.swift,71,localized,"Text(""BGM 音量"".appLocalized)"
ItemManager/Views/Settings/Refactored/GeneralSoundHapticsSettingsView.swift,82,candidate,"AdaptiveSection(header: ""系统触感设置"", footer: ""如果应用内开启后仍无震动，请检查系统设置。"") {"
ItemManager/Views/Settings/Refactored/GeneralSoundHapticsSettingsView.swift,91,localized,"Text(""前往系统设置检查触感"".appLocalized)"
ItemManager/Views/Settings/Refactored/PetAISettingsView.swift,5,candidate,"AdaptiveSettingsView(title: ""智能萌宠设置"") {"
ItemManager/Views/Settings/Refactored/PetAISettingsView.swift,6,candidate,"AdaptiveSection(header: ""AI 大脑"") {"
ItemManager/Views/Settings/Refactored/PetAISettingsView.swift,11,localized,"Text(""模型管理与 API 配置"".appLocalized)"
ItemManager/Views/Settings/Refactored/PetAISettingsView.swift,18,candidate,"AdaptiveSection(header: ""声音设置"") {"
ItemManager/Views/Settings/Refactored/PetAISettingsView.swift,23,localized,"Text(""音量与音效设置"".appLocalized)"
ItemManager/Views/Settings/Refactored/PetAISettingsView.swift,29,candidate,"AdaptiveSection(header: ""萌宠形象"") {"
ItemManager/Views/Settings/Refactored/PetAISettingsView.swift,34,localized,"Text(""主题配色"".appLocalized)"
ItemManager/Views/Settings/Refactored/PetAISettingsView.swift,44,localized,"Text(""拖拽轨迹与气泡"".appLocalized)"
ItemManager/Views/Settings/Refactored/SmallWorldSettingsView.swift,15,candidate,"AdaptiveSettingsView(title: ""House设置"") {"
ItemManager/Views/Settings/Refactored/SmallWorldSettingsView.swift,16,candidate,"AdaptiveSection(header: ""预览"") {"
ItemManager/Views/Settings/Refactored/SmallWorldSettingsView.swift,23,candidate,"AdaptiveSection(header: ""风格选择"") {"
ItemManager/Views/Settings/Refactored/SmallWorldSettingsView.swift,27,localized,"Text(""House风格"".appLocalized)"
ItemManager/Views/Settings/Refactored/SmallWorldSettingsView.swift,35,candidate,"AdaptiveSection(header: ""交互"") {"
ItemManager/Views/Settings/Refactored/SmallWorldSettingsView.swift,39,localized,"Text(""自由摆放"".appLocalized)"
ItemManager/Views/Settings/Refactored/SmallWorldSettingsView.swift,41,localized,"Text((decorationInventoryStore.showsPlacementControls ? ""已显示"" : ""已隐藏"").appLocalized)"
ItemManager/Views/Settings/Refactored/SmallWorldSettingsView.swift,47,candidate,"AdaptiveSection(header: ""功能装饰背包"") {"
ItemManager/Views/Settings/Refactored/SmallWorldSettingsView.swift,54,localized,"Text(""全部摆回房间"".appLocalized)"
ItemManager/Views/Settings/Refactored/SmallWorldSettingsView.swift,66,localized,"Text(""全部收进背包"".appLocalized)"
ItemManager/Views/Settings/Refactored/SmallWorldSettingsView.swift,73,candidate,"AdaptiveSection(header: ""调试初始摆放"") {"
ItemManager/Views/Settings/Refactored/SmallWorldSettingsView.swift,78,localized,"Text(""显示整理按钮"".appLocalized)"
ItemManager/Views/Settings/Refactored/SmallWorldSettingsView.swift,87,localized,"Text(""显示无热区静态装饰"".appLocalized)"
ItemManager/Views/Settings/Refactored/SmallWorldSettingsView.swift,97,localized,"Text(""重置 House 初始摆放"".appLocalized)"
ItemManager/Views/Settings/Refactored/SmallWorldSettingsView.swift,103,candidate,"AdaptiveSection(header: ""存储管理"") {"
ItemManager/Views/Settings/Refactored/SmallWorldSettingsView.swift,110,localized,"Text(""清理空间缓存"".appLocalized)"
ItemManager/Views/Settings/Refactored/SmallWorldSettingsView.swift,116,localized,".alert(""缓存清理完成"".appLocalized, isPresented: $showingClearCacheAlert) {"
ItemManager/Views/Settings/Refactored/SmallWorldSettingsView.swift,117,localized,"Button(""确定"".appLocalized, role: .cancel) { }"
ItemManager/Views/Settings/Refactored/SmallWorldSettingsView.swift,119,localized,"Text(""空间缓存已清理。"".appLocalized)"
ItemManager/Views/Settings/Refactored/SmallWorldSettingsView.swift,121,localized,".alert(""重置 House 初始摆放？"".appLocalized, isPresented: $showingResetLayoutAlert) {"
ItemManager/Views/Settings/Refactored/SmallWorldSettingsView.swift,122,localized,"Button(""取消"".appLocalized, role: .cancel) { }"
ItemManager/Views/Settings/Refactored/SmallWorldSettingsView.swift,123,localized,"Button(""重置"".appLocalized, role: .destructive) {"
ItemManager/Views/Settings/Refactored/SmallWorldSettingsView.swift,127,localized,"Text(""会恢复到此用户保存的初始摆设；如果尚未保存调试初始值，则恢复到当前内置初始值。"".appLocalized)"
ItemManager/Views/Settings/Refactored/SystemSettingsView.swift,17,localized,"return ""确认导出"".appLocalized"
ItemManager/Views/Settings/Refactored/SystemSettingsView.swift,19,localized,"return ""确认备份"".appLocalized"
ItemManager/Views/Settings/Refactored/SystemSettingsView.swift,26,localized,"return ""将生成当前数据的 CSV 文件，并打开系统分享面板。确定继续吗？"".appLocalized"
ItemManager/Views/Settings/Refactored/SystemSettingsView.swift,28,localized,"return ""将把当前数据打包成本地备份文件，过程可能需要一点时间。确定继续吗？"".appLocalized"
ItemManager/Views/Settings/Refactored/SystemSettingsView.swift,52,candidate,"AdaptiveSettingsView(title: ""系统与更多"") {"
ItemManager/Views/Settings/Refactored/SystemSettingsView.swift,54,low-priority,"// AdaptiveSection(header: ""桌面小组件"") {"
ItemManager/Views/Settings/Refactored/SystemSettingsView.swift,56,low-priority,"//         Label(""小组件背景与样式"", systemImage: ""rectangle.3.group"")"
ItemManager/Views/Settings/Refactored/SystemSettingsView.swift,62,candidate,"AdaptiveSection(header: ""通用设置"") {"
ItemManager/Views/Settings/Refactored/SystemSettingsView.swift,63,candidate,"Picker(""界面语言"", selection: $languageManager.currentLanguage) {"
ItemManager/Views/Settings/Refactored/SystemSettingsView.swift,75,candidate,"Label(""音效与触感"", systemImage: ""speaker.wave.2.fill"")"
ItemManager/Views/Settings/Refactored/SystemSettingsView.swift,80,candidate,"Label(""隐私与系统权限"", systemImage: ""hand.raised"")"
ItemManager/Views/Settings/Refactored/SystemSettingsView.swift,85,candidate,"Label(""关于与协议"", systemImage: ""doc.text"")"
ItemManager/Views/Settings/Refactored/SystemSettingsView.swift,94,candidate,"Label(""打开系统设置"", systemImage: ""gear"")"
ItemManager/Views/Settings/Refactored/SystemSettingsView.swift,104,candidate,"AdaptiveSection(header: ""本地备份与恢复"") {"
ItemManager/Views/Settings/Refactored/SystemSettingsView.swift,108,candidate,"Label(""导出 CSV (Export CSV)"", systemImage: ""tablecells"")"
ItemManager/Views/Settings/Refactored/SystemSettingsView.swift,116,candidate,"Label(""备份数据 (Backup Data)"", systemImage: ""externaldrive.badge.plus"")"
ItemManager/Views/Settings/Refactored/SystemSettingsView.swift,125,candidate,"Label(""恢复数据 (Restore Data)"", systemImage: ""arrow.clockwise.icloud"")"
ItemManager/Views/Settings/Refactored/SystemSettingsView.swift,133,candidate,"AdaptiveSection(header: ""存储与性能"") {"
ItemManager/Views/Settings/Refactored/SystemSettingsView.swift,136,candidate,"Text(""积极内存优化"")"
ItemManager/Views/Settings/Refactored/SystemSettingsView.swift,138,candidate,"Text(""开启后将更积极地清理内存缓存，防止闪退。"")"
ItemManager/Views/Settings/Refactored/SystemSettingsView.swift,155,localized,"self.message = ""选择文件失败: %@"".appLocalized(error.localizedDescription)"
ItemManager/Views/Settings/Refactored/SystemSettingsView.swift,159,localized,".alert(""请再确认一次"".appLocalized, isPresented: showingExportConfirmationAlert) {"
ItemManager/Views/Settings/Refactored/SystemSettingsView.swift,160,localized,"Button(""取消"".appLocalized, role: .cancel) { }"
ItemManager/Views/Settings/Refactored/SystemSettingsView.swift,167,localized,".alert(""确认恢复数据？"".appLocalized, isPresented: $showingRestoreAlert) {"
ItemManager/Views/Settings/Refactored/SystemSettingsView.swift,168,localized,"Button(""取消"".appLocalized, role: .cancel) { }"
ItemManager/Views/Settings/Refactored/SystemSettingsView.swift,169,localized,"Button(""确认恢复"".appLocalized, role: .destructive) {"
ItemManager/Views/Settings/Refactored/SystemSettingsView.swift,173,localized,"Text(""恢复操作将合并或覆盖当前数据。建议先备份当前数据。"".appLocalized)"
ItemManager/Views/Settings/Refactored/SystemSettingsView.swift,175,localized,".alert(""提示"".appLocalized, isPresented: $showingMessage) {"
ItemManager/Views/Settings/Refactored/SystemSettingsView.swift,176,localized,"Button(""确定"".appLocalized, role: .cancel) { }"
ItemManager/Views/Settings/Refactored/SystemSettingsView.swift,180,localized,".alert(""需要重启"".appLocalized, isPresented: $showingRestartAlert) {"
ItemManager/Views/Settings/Refactored/SystemSettingsView.swift,181,localized,"Button(""稍后"".appLocalized) { }"
ItemManager/Views/Settings/Refactored/SystemSettingsView.swift,183,localized,"Text(""语言更改将在下次启动应用时生效。"".appLocalized)"
ItemManager/Views/Settings/Refactored/SystemSettingsView.swift,188,localized,"title: ""请再确认一次"".appLocalized,"
ItemManager/Views/Settings/Refactored/SystemSettingsView.swift,231,localized,"loadingMessage = ""正在生成 CSV..."".appLocalized"
ItemManager/Views/Settings/Refactored/SystemSettingsView.swift,244,localized,"self.message = ""生成 CSV 失败: %@"".appLocalized(error.localizedDescription)"
ItemManager/Views/Settings/Refactored/SystemSettingsView.swift,280,localized,"loadingMessage = ""正在打包数据，备份需要时间，耐心等待，不要退出本界面..."".appLocalized"
ItemManager/Views/Settings/Refactored/SystemSettingsView.swift,294,localized,"self.message = ""生成备份失败: %@"".appLocalized(error.localizedDescription)"
ItemManager/Views/Settings/Refactored/SystemSettingsView.swift,313,localized,"message = ""无法访问文件"".appLocalized"
ItemManager/Views/Settings/Refactored/SystemSettingsView.swift,319,localized,"loadingMessage = ""正在准备恢复数据..."".appLocalized"
ItemManager/Views/Settings/Refactored/SystemSettingsView.swift,335,localized,"loadingMessage = ""正在恢复数据..."".appLocalized"
ItemManager/Views/Settings/Refactored/SystemSettingsView.swift,340,localized,"message = ""数据恢复成功"".appLocalized"
ItemManager/Views/Settings/Refactored/SystemSettingsView.swift,348,localized,"errorDesc = backupError.errorDescription ?? ""未知错误"".appLocalized"
ItemManager/Views/Settings/Refactored/SystemSettingsView.swift,355,localized,"message = ""数据恢复失败: %@"".appLocalized(errorDesc)"
ItemManager/Views/Settings/Refactored/SystemSettingsView.swift,392,localized,"Text(""取消"".appLocalized)"
ItemManager/Views/Settings/Refactored/SystemSettingsView.swift,432,candidate,"AdaptiveSettingsView(title: ""关于与协议"") {"
ItemManager/Views/Settings/Refactored/SystemSettingsView.swift,433,candidate,"AdaptiveSection(header: ""协议中心"") {"
ItemManager/Views/Settings/Refactored/SystemSettingsView.swift,437,candidate,"Label(""隐私政策"", systemImage: ""hand.raised"")"
ItemManager/Views/Settings/Refactored/SystemSettingsView.swift,444,candidate,"Label(""用户协议"", systemImage: ""doc.text"")"
ItemManager/Views/Settings/Refactored/SystemSettingsView.swift,451,candidate,"Label(""会员协议"", systemImage: ""crown"")"
ItemManager/Views/Settings/Refactored/SystemSettingsView.swift,458,candidate,"Label(""联系我们（网页）"", systemImage: ""link"")"
ItemManager/Views/Settings/Refactored/SystemSettingsView.swift,463,candidate,"AdaptiveSection(header: ""联系我们"") {"
ItemManager/Views/Settings/Refactored/SystemSettingsView.swift,465,candidate,"Label(""小红书"", systemImage: ""person.crop.circle"")"
ItemManager/Views/Settings/Refactored/SystemSettingsView.swift,474,candidate,"Label(""小红书号"", systemImage: ""number"")"
ItemManager/Views/Settings/Refactored/SystemSettingsView.swift,485,candidate,"Label(""邮箱：huangsangmuniao@126.com"", systemImage: ""envelope"")"
ItemManager/Views/Settings/Refactored/SystemSettingsView.swift,490,candidate,"AdaptiveSection(header: ""备案与版权"") {"
ItemManager/Views/Settings/Refactored/SystemSettingsView.swift,492,candidate,"Label(""备案号"", systemImage: ""doc.plaintext"")"
ItemManager/Views/Settings/Refactored/SystemSettingsView.swift,501,candidate,"Label(""版权"", systemImage: ""c.circle"")"
ItemManager/Views/Settings/Refactored/WardrobeNavigationStyleSelectionView.swift,14,candidate,"AdaptiveSettingsView(title: ""选择样式"") {"
ItemManager/Views/Settings/Refactored/WardrobeNavigationStyleSelectionView.swift,16,candidate,"header: ""衣橱顶部导航"","
ItemManager/Views/Settings/Refactored/WardrobeNavigationStyleSelectionView.swift,17,candidate,"footer: ""经典导航栏保持现有布局；时尚导航栏会将排序/筛选放在左侧，顶部标签切换居中，视图/更多/创建放在右侧。"""
ItemManager/Views/Settings/Refactored/WardrobeNavigationStyleSelectionView.swift,19,localized,"Picker(""样式"".appLocalized, selection: wardrobeNavigationStyleBinding) {"
ItemManager/Views/Settings/Refactored/WardrobeSettingsView.swift,37,candidate,"AdaptiveSettingsView(title: ""梦幻衣橱"") {"
ItemManager/Views/Settings/Refactored/WardrobeSettingsView.swift,39,candidate,"AdaptiveSection(header: ""界面样式"") {"
ItemManager/Views/Settings/Refactored/WardrobeSettingsView.swift,40,candidate,"Picker(""选择样式"", selection: wardrobeNavigationStyleBinding) {"
ItemManager/Views/Settings/Refactored/WardrobeSettingsView.swift,51,candidate,"AdaptiveSection(header: ""筛选模式"", footer: ""经典筛选使用下拉菜单；多维筛选使用半屏Sheet，支持多选和更直观的操作。"") {"
ItemManager/Views/Settings/Refactored/WardrobeSettingsView.swift,52,candidate,"Picker(""筛选模式"", selection: $filterMode) {"
ItemManager/Views/Settings/Refactored/WardrobeSettingsView.swift,66,candidate,"AdaptiveSection(header: ""隐私显示"", footer: ""关闭后，衣柜列表将不再显示对应的价格信息。"") {"
ItemManager/Views/Settings/Refactored/WardrobeSettingsView.swift,67,candidate,"Toggle(""在列表中显示入库价格"", isOn: $showPrice)"
ItemManager/Views/Settings/Refactored/WardrobeSettingsView.swift,70,candidate,"Toggle(""在列表中显示原价"", isOn: $showOriginalPrice)"
ItemManager/Views/Settings/Refactored/WardrobeSettingsView.swift,76,candidate,"AdaptiveSection(header: ""业务提醒"") {"
ItemManager/Views/Settings/Refactored/WardrobeSettingsView.swift,78,candidate,"Label(""心愿尾款设置"", systemImage: ""bell.badge"")"
ItemManager/Views/Settings/Refactored/WardrobeSettingsView.swift,84,candidate,"AdaptiveSection(header: ""基础数据"") {"
ItemManager/Views/Settings/Refactored/WardrobeSettingsView.swift,86,candidate,"Label(""标签管理"", systemImage: ""tag"")"
ItemManager/Views/Settings/Refactored/WardrobeSettingsView.swift,92,candidate,"Label(""品牌管理"", systemImage: ""crown"")"
ItemManager/Views/Settings/Refactored/WardrobeSettingsView.swift,99,candidate,"Label(""属性字段排序与显示"", systemImage: ""list.bullet.indent"")"
ItemManager/Views/Settings/Refactored/WardrobeSettingsView.swift,120,candidate,".alert(""无法调整当前图片"", isPresented: $showingMissingOriginalAlert) {"
ItemManager/Views/Settings/Refactored/WardrobeSettingsView.swift,121,candidate,"Button(""取消"", role: .cancel) { }"
ItemManager/Views/Settings/Refactored/WardrobeSettingsView.swift,123,candidate,"Text(""请重新选择一张图片以进行裁剪和移动。"")"
ItemManager/Views/Settings/Refactored/WardrobeSettingsView.swift,126,candidate,"Button(""知道啦"", role: .cancel) { }"
ItemManager/Views/Settings/Refactored/WardrobeSettingsView.swift,162,candidate,"AdaptiveSection(header: ""应用外观"") {"
ItemManager/Views/Settings/Refactored/WardrobeSettingsView.swift,163,candidate,"Picker(""背景类型"", selection: backgroundStyleBinding) {"
ItemManager/Views/Settings/Refactored/WardrobeSettingsView.swift,173,candidate,"ColorPicker(""背景颜色"", selection: Binding("
ItemManager/Views/Settings/Refactored/WardrobeSettingsView.swift,183,candidate,"Text(""图片不透明度: \(Int(theme.backgroundOpacity * 100))%"")"
ItemManager/Views/Settings/Refactored/WardrobeSettingsView.swift,190,candidate,"Toggle(""启用高斯模糊"", isOn: $theme.isBlurEnabled)"
ItemManager/Views/Settings/Refactored/WardrobeSettingsView.swift,195,candidate,"Label(""字体配色与卡片样式"", systemImage: ""paintpalette"")"
ItemManager/Views/Settings/Refactored/WardrobeSettingsView.swift,215,candidate,"Text(""当前图片"")"
ItemManager/Views/Settings/Refactored/WardrobeSettingsView.swift,229,candidate,"Text(""未选择"")"
ItemManager/Views/Settings/Refactored/WardrobeSettingsView.swift,243,candidate,"Label(isLoadingImage ? ""处理中..."" : ""选择新图片"", systemImage: ""photo"")"
ItemManager/Views/Settings/Refactored/WardrobeSettingsView.swift,292,candidate,"Section(header: Text(""属性字段管理 (长按可排序)"")) {"
ItemManager/Views/Settings/Refactored/WardrobeSettingsView.swift,316,candidate,".navigationTitle(""属性字段管理"")"
ItemManager/Views/Settings/Refactored/WardrobeSettingsView.swift,327,candidate,"return (""类型管理"", ""类型 (Types)"", ""tshirt"", \.types, true)"
ItemManager/Views/Settings/Refactored/WardrobeSettingsView.swift,329,candidate,"return (""颜色管理"", ""颜色 (Colors)"", ""paintpalette"", \.colors, true)"
ItemManager/Views/Settings/Refactored/WardrobeSettingsView.swift,331,candidate,"return (""尺码管理"", ""尺码 (Sizes)"", ""ruler"", \.sizes, true)"
ItemManager/Views/Settings/Refactored/WardrobeSettingsView.swift,333,candidate,"return (""衣长管理"", ""衣长 (Length)"", ""arrow.up.and.down"", \.length, false)"
ItemManager/Views/Settings/Refactored/WardrobeSettingsView.swift,335,candidate,"return (""状况管理"", ""状况 (Condition)"", ""star"", \.condition, false)"
ItemManager/Views/Settings/Refactored/WardrobeSettingsView.swift,337,candidate,"return (""小物管理"", ""小物 (Accessories)"", ""bag"", \.accessories, true)"
ItemManager/Views/Settings/Refactored/WealthHapticsSettingsView.swift,8,candidate,"AdaptiveSection(header: ""个性化"") {"
ItemManager/Views/Settings/Refactored/WealthHapticsSettingsView.swift,27,candidate,"AdaptiveSection(header: ""触感反馈"") {"
ItemManager/Views/Settings/Refactored/WealthHapticsSettingsView.swift,34,localized,"Text(""金豆银珠震动"".appLocalized)"
ItemManager/Views/Settings/Refactored/WealthHapticsSettingsView.swift,36,localized,"Text(""控制金豆滚动、碰撞的震动反馈"".appLocalized)"
ItemManager/Views/Settings/Refactored/WealthHapticsSettingsView.swift,45,candidate,"AdaptiveSection(header: ""系统设置"", footer: ""如果应用内开启后仍无震动，请检查：\n1. 系统设置 > 声音与触感 > 系统触感反馈 是否开启\n2. 手机是否处于静音模式（部分震动在静音下可能不工作）"") {"
ItemManager/Views/Settings/Refactored/WealthHapticsSettingsView.swift,51,localized,"Text(""前往系统设置"".appLocalized)"
ItemManager/Views/VIP/VIPAppIconSelectionView.swift,68,localized,".alert(""个性图标"".appLocalized, isPresented: $showingResultAlert) {"
ItemManager/Views/VIP/VIPAppIconSelectionView.swift,69,localized,"Button(""知道了"".appLocalized, role: .cancel) { }"
ItemManager/Views/VIP/VIPAppIconSelectionView.swift,137,localized,"Text(""个性图标库"".appLocalized)"
ItemManager/Views/VIP/VIPAppIconSelectionView.swift,140,localized,"Text(""VIP 专属桌面换装"".appLocalized)"
ItemManager/Views/VIP/VIPAppIconSelectionView.swift,183,localized,"Text(""把喜欢的衣橱风格带到桌面"".appLocalized)"
ItemManager/Views/VIP/VIPAppIconSelectionView.swift,188,localized,"Text(""为 Pink House 换一枚更贴近心情的图标。经典、礼服、珍珠与月光风格都可以收藏，桌面也能保持你喜欢的样子。"".appLocalized)"
ItemManager/Views/VIP/VIPAppIconSelectionView.swift,206,localized,"Text(iconManager.supportsAlternateIcons ? ""这台设备可以切换桌面图标。"".appLocalized : ""这台设备暂时不能切换桌面图标。"".appLocalized)"
ItemManager/Views/VIP/VIPAppIconSelectionView.swift,256,localized,"Text(""当前使用"".appLocalized)"
ItemManager/Views/VIP/VIPAppIconSelectionView.swift,286,localized,"Text(isCurrent ? ""已启用"".appLocalized : ""切换图标"".appLocalized)"
ItemManager/Views/VIP/VIPCardSkinSelectionView.swift,27,localized,"Text(""选择卡片皮肤"".appLocalized)"
ItemManager/Views/VIP/VIPCardSkinSelectionView.swift,49,localized,"Text(""完成"".appLocalized)"
ItemManager/Views/VIP/VIPCardSkinSelectionView.swift,197,localized,"Text(""购买对应主题后可用"".appLocalized)"
ItemManager/Views/VIP/VIPCardSkinSelectionView.swift,199,localized,"Text(""点击前往主题商店"".appLocalized)"
ItemManager/Views/VIP/VIPCardView.swift,156,localized,"case .blackGold: return ""黑金尊享"".appLocalized"
ItemManager/Views/VIP/VIPCardView.swift,157,localized,"case .monicaPink: return ""梦幻限定"".appLocalized"
ItemManager/Views/VIP/VIPCardView.swift,158,localized,"case .themeSkinAdaptive: return ""跟随主题"".appLocalized"
ItemManager/Views/VIP/VIPCardView.swift,159,localized,"case .skyConcertTheme: return ""天空音乐会"".appLocalized"
ItemManager/Views/VIP/VIPCardView.swift,160,localized,"case .swanDreamTheme: return ""天鹅入梦"".appLocalized"
ItemManager/Views/VIP/VIPCardView.swift,327,localized,"Text(""少女心愿 VIP"".appLocalized)"
ItemManager/Views/VIP/VIPCardView.swift,376,localized,"Text(""加入尊贵会员，解锁专属特权"".appLocalized)"
ItemManager/Views/VIP/VIPCenterView.swift,109,localized,"return ""有效期至 %@"".appLocalized(vipCenterDateText(expireDate))"
ItemManager/Views/VIP/VIPCenterView.swift,112,localized,"return ""体验中 · 截止 %@"".appLocalized(vipCenterDateText(expireDate))"
ItemManager/Views/VIP/VIPCenterView.swift,114,localized,"return ""开通后解锁智能能力、尊贵身份与专属优惠"".appLocalized"
ItemManager/Views/VIP/VIPCenterView.swift,121,localized,"title: ""智能统计"".appLocalized,"
ItemManager/Views/VIP/VIPCenterView.swift,122,localized,"subtitle: ""本地分析 · 更懂你的衣橱"".appLocalized,"
ItemManager/Views/VIP/VIPCenterView.swift,128,localized,"title: ""多模态智能"".appLocalized,"
ItemManager/Views/VIP/VIPCenterView.swift,129,localized,"subtitle: ""图片识别 · 智能互动"".appLocalized,"
ItemManager/Views/VIP/VIPCenterView.swift,135,localized,"title: ""VIP身份"".appLocalized,"
ItemManager/Views/VIP/VIPCenterView.swift,136,localized,"subtitle: ""靓号身份 · 卡片皮肤"".appLocalized,"
ItemManager/Views/VIP/VIPCenterView.swift,142,localized,"title: ""付费内容优惠"".appLocalized,"
ItemManager/Views/VIP/VIPCenterView.swift,143,localized,"subtitle: ""萌宠商店 %@"".appLocalized(VIPManager.petShopDiscountText),"
ItemManager/Views/VIP/VIPCenterView.swift,149,localized,"title: ""来财个性化"".appLocalized,"
ItemManager/Views/VIP/VIPCenterView.swift,156,localized,"title: ""魔法配色"".appLocalized,"
ItemManager/Views/VIP/VIPCenterView.swift,157,localized,"subtitle: ""主题特权 · 智能调色"".appLocalized,"
ItemManager/Views/VIP/VIPCenterView.swift,168,localized,"title: ""个性图标"".appLocalized,"
ItemManager/Views/VIP/VIPCenterView.swift,169,localized,"subtitle: ""图标切换 · 专属收藏"".appLocalized,"
ItemManager/Views/VIP/VIPCenterView.swift,175,localized,"title: ""持续更新"".appLocalized,"
ItemManager/Views/VIP/VIPCenterView.swift,176,localized,"subtitle: ""主题皮肤商店\n%@\n· 更多会员权益正在路上"".appLocalized(VIPManager.themeSkinDiscountText),"
ItemManager/Views/VIP/VIPCenterView.swift,218,localized,".alert(""兑换确认"".appLocalized, isPresented: $showingAgreementConfirmation) {"
ItemManager/Views/VIP/VIPCenterView.swift,219,localized,"Button(""取消"".appLocalized, role: .cancel) { }"
ItemManager/Views/VIP/VIPCenterView.swift,220,localized,"Button(""我已同意并勾选"".appLocalized) {"
ItemManager/Views/VIP/VIPCenterView.swift,225,localized,"Text(""兑换会员前，请先阅读并勾选《会员协议》和《使用协议》。确认后将立即扣除对应喵币并生效。"".appLocalized)"
ItemManager/Views/VIP/VIPCenterView.swift,227,localized,".alert(""会员兑换"".appLocalized, isPresented: $showingPurchaseAlert) {"
ItemManager/Views/VIP/VIPCenterView.swift,228,localized,"Button(""确定"".appLocalized, role: .cancel) { }"
ItemManager/Views/VIP/VIPCenterView.swift,233,localized,"Button(""知道了"".appLocalized, role: .cancel) { }"
ItemManager/Views/VIP/VIPCenterView.swift,237,localized,".alert(""使用 App Store 优惠码"".appLocalized, isPresented: $showingOfferCodeInfoAlert) {"
ItemManager/Views/VIP/VIPCenterView.swift,238,localized,"Button(""取消"".appLocalized, role: .cancel) { }"
ItemManager/Views/VIP/VIPCenterView.swift,239,localized,"Button(""继续"".appLocalized) {"
ItemManager/Views/VIP/VIPCenterView.swift,245,localized,"Text(""优惠码仅适用于本 App 在 App Store 中提供的内购项目。"".appLocalized)"
ItemManager/Views/VIP/VIPCenterView.swift,261,low-priority,"print(""用户选择稍后体验VIP"")"
ItemManager/Views/VIP/VIPCenterView.swift,310,localized,"title: ""暂时无法打开"".appLocalized,"
ItemManager/Views/VIP/VIPCenterView.swift,311,localized,"message: ""无法打开 App Store 优惠码兑换界面：%@"".appLocalized(error.localizedDescription)"
ItemManager/Views/VIP/VIPCenterView.swift,345,localized,"title: ""暂时无法兑换"".appLocalized,"
ItemManager/Views/VIP/VIPCenterView.swift,346,localized,"message: ""当前 App Store 环境没有返回任何可兑换的喵币商品，优惠码无法兑换。请检查 6 个喵币档是否可用、每个 Free Offer 是否绑定对应商品；沙盒账号只能测试 Sandbox Codes，不能兑换生产环境 URL / Custom / One-Time Use Codes。"".appLocalized"
ItemManager/Views/VIP/VIPCenterView.swift,598,localized,"Text(""少女心愿"".appLocalized)"
ItemManager/Views/VIP/VIPCenterView.swift,634,localized,"title: ""VIP身份"".appLocalized,"
ItemManager/Views/VIP/VIPCenterView.swift,635,localized,"message: ""开通 VIP 后即可切换专属卡片皮肤，并解锁你的尊贵身份样式。"".appLocalized"
ItemManager/Views/VIP/VIPCenterView.swift,639,localized,"Label(""设置卡片"".appLocalized, systemImage: ""creditcard"")"
ItemManager/Views/VIP/VIPCenterView.swift,647,localized,"title: ""个性图标"".appLocalized,"
ItemManager/Views/VIP/VIPCenterView.swift,648,localized,"message: ""开通 VIP 后，可以把 Pink House 的桌面图标换成礼服、珍珠、月光等专属风格。"".appLocalized"
ItemManager/Views/VIP/VIPCenterView.swift,652,localized,"Label(""切换图标"".appLocalized, systemImage: ""app.badge"")"
ItemManager/Views/VIP/VIPCenterView.swift,658,localized,"Label(""兑换 App Store 优惠码"".appLocalized, systemImage: ""gift"")"
ItemManager/Views/VIP/VIPCenterView.swift,674,localized,"Text(vipManager.isVIP ? ""守护少女每一份美好"".appLocalized : ""给你的心愿一份更尊贵的守护"".appLocalized)"
ItemManager/Views/VIP/VIPCenterView.swift,705,localized,"heroTag(text: vipManager.isVIP ? ""尊贵身份"".appLocalized : ""智能升级"".appLocalized)"
ItemManager/Views/VIP/VIPCenterView.swift,706,localized,"heroTag(text: vipManager.isVIP ? currentIdentityTag : ""试用可体验"".appLocalized)"
ItemManager/Views/VIP/VIPCenterView.swift,717,localized,"Text(""会员权益"".appLocalized)"
ItemManager/Views/VIP/VIPCenterView.swift,799,localized,"Text(""兑换%@会员"".appLocalized(selectedPlan.title))"
ItemManager/Views/VIP/VIPCenterView.swift,802,localized,"Text(""开通后立即生效，可叠加有效期"".appLocalized)"
ItemManager/Views/VIP/VIPCenterView.swift,810,localized,"Text(""%d喵币"".appLocalized(selectedPlan.meowCoins))"
ItemManager/Views/VIP/VIPCenterView.swift,840,localized,"Text(""喵币不足？前往商店获取喵币"".appLocalized)"
ItemManager/Views/VIP/VIPCenterView.swift,860,localized,"Text(""请阅读并同意"".appLocalized)"
ItemManager/Views/VIP/VIPCenterView.swift,867,localized,"Button(""会员协议"".appLocalized) {"
ItemManager/Views/VIP/VIPCenterView.swift,874,localized,"Text(""和"".appLocalized)"
ItemManager/Views/VIP/VIPCenterView.swift,878,localized,"Button(""使用协议"".appLocalized) {"
ItemManager/Views/VIP/VIPCenterView.swift,887,localized,"Text(""VIP 为喵币兑换型权益，不自动续费。"".appLocalized)"
ItemManager/Views/VIP/VIPCenterView.swift,1169,localized,"Text(""萌宠商店"".appLocalized)"
ItemManager/Views/VIP/VIPCenterView.swift,1182,localized,"Text(""主题皮肤商店"".appLocalized)"
ItemManager/Views/VIP/VIPCenterView.swift,1191,localized,"Text(""· 更多会员权益正在路上"".appLocalized)"
ItemManager/Views/VIP/VIPCenterView.swift,1209,localized,"return vipManager.isInTrialPeriod ? ""你正在体验 VIP 中"".appLocalized : ""你已经拥有 VIP 身份"".appLocalized"
ItemManager/Views/VIP/VIPCenterView.swift,1211,localized,"return ""升级为 VIP，解锁更完整的智能体验"".appLocalized"
ItemManager/Views/VIP/VIPCenterView.swift,1217,localized,"? ""体验期间即可抢先感受多模态智能、专属身份和会员优惠。"".appLocalized"
ItemManager/Views/VIP/VIPCenterView.swift,1218,localized,": ""专属权益已生效，快去试试萌宠智能对话、卡片皮肤和会员优惠。"".appLocalized"
ItemManager/Views/VIP/VIPCenterView.swift,1220,localized,"return ""本地能力依然可用，涉及第三方模型和 API 的智能能力会在开通后完整开放。"".appLocalized"
ItemManager/Views/VIP/VIPCenterView.swift,1226,localized,"return ""黑金尊享"".appLocalized"
ItemManager/Views/VIP/VIPCenterView.swift,1228,localized,"return ""莫妮卡粉"".appLocalized"
ItemManager/Views/VIP/VIPCenterView.swift,1230,localized,"return ""跟随主题"".appLocalized"
ItemManager/Views/VIP/VIPCenterView.swift,1232,localized,"return ""天空音乐会"".appLocalized"
ItemManager/Views/VIP/VIPCenterView.swift,1234,localized,"return ""天鹅入梦"".appLocalized"
ItemManager/Views/VIP/VIPCenterView.swift,1246,localized,"message: ""开通 VIP 后即可解锁专属身份标识、靓号与卡片皮肤。右上角的「设置卡片」入口也会继续保留。"".appLocalized"
ItemManager/Views/VIP/VIPCenterView.swift,1252,localized,"message: ""VIP 期间萌宠商店享 %@，\n主题皮肤商店 %@。"".appLocalized(VIPManager.petShopDiscountText, VIPManager.themeSkinDiscountText)"
ItemManager/Views/VIP/VIPCenterView.swift,1257,localized,"message: ""VIP 期间可直接使用魔法配色；若你已经单独花喵币解锁，就算 VIP 到期也不会关闭。"".appLocalized"
ItemManager/Views/VIP/VIPCenterView.swift,1272,localized,"message: ""开通 VIP 后，可以把 Pink House 的桌面图标换成礼服、珍珠、月光等专属风格。"".appLocalized"
ItemManager/Views/VIP/VIPCenterView.swift,1278,localized,"message: ""会员周报，后续会补充每周衣橱、萌宠与消费概览。"".appLocalized"
ItemManager/Views/VIP/VIPCenterView.swift,1283,localized,"message: ""后续会持续补充主题皮肤商店、周报与更多会员限定内容。"".appLocalized"
ItemManager/Views/VIP/VIPTrialPopupView.swift,162,localized,"Text(""先体验 3 天 VIP"".appLocalized)"
ItemManager/Views/VIP/VIPTrialPopupView.swift,166,localized,"Text(""解锁智能能力、尊贵身份与会员优惠"".appLocalized)"
ItemManager/Views/VIP/VIPTrialPopupView.swift,173,localized,"privilegeRow(icon: ""bubble.left.and.bubble.right.fill"", text: ""萌宠智能对话与多模态能力"".appLocalized)"
ItemManager/Views/VIP/VIPTrialPopupView.swift,174,localized,"privilegeRow(icon: ""crown.fill"", text: ""专属 VIP 身份与卡片皮肤"".appLocalized)"
ItemManager/Views/VIP/VIPTrialPopupView.swift,175,localized,"privilegeRow(icon: ""ticket.fill"", text: ""萌宠商店 %@"".appLocalized(VIPManager.petShopDiscountText))"
ItemManager/Views/VIP/VIPTrialPopupView.swift,178,localized,"Text(""体验结束后可继续兑换 1个月 / 3个月 会员时长"".appLocalized)"
ItemManager/Views/VIP/VIPTrialPopupView.swift,192,localized,"Text(""确认体验"".appLocalized)"
ItemManager/Views/VIP/VIPTrialPopupView.swift,211,localized,"Text(""稍后"".appLocalized)"
ItemManager/Views/VIP/VIPTrialPopupView.swift,328,low-priority,"onConfirm: { print(""确认体验"") },"
ItemManager/Views/VIP/VIPTrialPopupView.swift,329,low-priority,"onDismiss: { print(""关闭弹窗"") }"
ItemManager/Views/VIP/VIPVisualSystem.swift,290,localized,"return ""经典尊享 · 深色金边"".appLocalized"
ItemManager/Views/VIP/VIPVisualSystem.swift,292,localized,"return ""默认梦幻粉 · 无主题时回退"".appLocalized"
ItemManager/Views/VIP/VIPVisualSystem.swift,294,localized,"return ""随当前启用的天空/天鹅主题自动变化"".appLocalized"
ItemManager/Views/VIP/VIPVisualSystem.swift,296,localized,"return ""需拥有天空音乐会主题"".appLocalized"
ItemManager/Views/VIP/VIPVisualSystem.swift,298,localized,"return ""需拥有天鹅入梦主题"".appLocalized"
